"","Bias","CI_Coverage","Runtime"
"1",0.400592126436854,0.951707109408259,36.0266206896565
